Time_us,K1,K2,K3
134,0.0011,0.0063,0.0012
6804,0.0017,0.0057,0.0019
12799,0.0019,0.0049,0.0004
18795,0.0033,0.0034,0.0015
24794,0.0023,0.0040,0.0008
30792,0.0000,0.0030,0.0015
36795,0.0004,0.0047,0.0004
42798,0.0014,0.0044,0.0026
48797,0.0007,0.0044,0.0031
54795,0.0010,0.0034,0.0035
60794,0.0000,0.0036,0.0035
66799,0.0000,0.0027,0.0021
72792,0.0013,0.0027,0.0026
78792,0.0027,0.0033,0.0017
84795,0.0018,0.0039,0.0023
90800,0.0010,0.0044,0.0032
96795,0.0035,0.0048,0.0039
102797,0.0065,0.0037,0.0038
108794,0.0065,0.0060,0.0038
114799,0.0069,0.0051,0.0037
120801,0.0063,0.0054,0.0026
126795,0.0067,0.0060,0.0031
132796,0.0052,0.0051,0.0018
138798,0.0067,0.0061,0.0024
144798,0.0074,0.0063,0.0015
150797,0.0067,0.0064,0.0000
156788,0.0073,0.0051,0.0000
162788,0.0085,0.0043,0.0000
168788,0.0092,0.0048,0.0000
174792,0.0092,0.0062,0.0010
180793,0.0067,0.0053,0.0000
186784,0.0067,0.0059,0.0008
192796,0.0071,0.0054,0.0016
198793,0.0055,0.0053,0.0008
204791,0.0063,0.0052,0.0039
210798,0.0068,0.0055,0.0028
216797,0.0040,0.0075,0.0036
222795,0.0041,0.0074,0.0025
228800,0.0021,0.0070,0.0000
234789,0.0000,0.0067,0.0000
240788,0.0000,0.0050,0.0000
246796,0.0000,0.0028,0.0007
252796,0.0002,0.0028,0.0014
258797,0.0006,0.0038,0.0004
264798,0.0010,0.0039,0.0018
270793,0.0003,0.0040,0.0024
276795,0.0000,0.0045,0.0036
282796,0.0000,0.0042,0.0043
288793,0.0000,0.0046,0.0031
294798,0.0000,0.0050,0.0110
300794,0.0000,0.0039,0.0082
306795,0.0000,0.0040,0.0078
312796,0.0000,0.0016,0.0078
318793,0.0000,0.0018,0.0079
324793,0.0000,0.0022,0.0075
330794,0.0014,0.0029,0.0073
336799,0.0022,0.0025,0.0074
342796,0.0039,0.0028,0.0068
348794,0.0053,0.0028,0.0053
354803,0.0064,0.0034,0.0057
360800,0.0124,0.0033,0.0043
366791,0.0241,0.0042,0.0031
372799,0.0461,0.0039,0.0049
378793,0.0826,0.0044,0.0054
384798,0.1385,0.0041,0.0020
390791,0.2220,0.0038,0.0032
396795,0.3163,0.0043,0.0036
402799,0.3977,0.0048,0.0018
408798,0.4674,0.0044,0.0021
414800,0.5274,0.0027,0.0013
420795,0.5814,0.0016,0.0016
426797,0.6254,0.0024,0.0022
432796,0.6629,0.0013,0.0031
438793,0.6963,0.0022,0.0038
444800,0.7268,0.0026,0.0024
450795,0.7539,0.0029,0.0012
456799,0.7789,0.0089,0.0000
462794,0.8022,0.0534,0.0000
468795,0.8248,0.1748,0.0000
474795,0.8450,0.2812,0.0000
480789,0.8615,0.3709,0.0000
486788,0.8736,0.4482,0.0004
492797,0.8822,0.5128,0.0000
498789,0.8875,0.5685,0.0000
504793,0.8934,0.6147,0.0000
510788,0.8983,0.6555,0.0000
516790,0.9025,0.6897,0.0000
522793,0.9039,0.7182,0.0000
528792,0.9067,0.7430,0.0000
534800,0.9072,0.7645,0.0012
540794,0.9079,0.7806,0.0022
546798,0.9091,0.7961,0.0014
552799,0.9111,0.8093,0.0027
558795,0.9130,0.8212,0.0083
564798,0.9138,0.8306,0.0404
570796,0.9132,0.8383,0.1570
576799,0.9112,0.8448,0.2776
582798,0.8809,0.8506,0.3798
588799,0.8023,0.8556,0.4640
594795,0.6996,0.8577,0.5348
600797,0.5926,0.8553,0.5940
606790,0.5045,0.8546,0.6436
612800,0.4277,0.8309,0.6851
618795,0.3643,0.7610,0.7156
624793,0.3091,0.6657,0.7415
630793,0.2641,0.5687,0.7621
636802,0.2265,0.4845,0.7810
642796,0.1920,0.4118,0.7964
648792,0.1636,0.3511,0.8106
654792,0.1395,0.2988,0.8171
660795,0.1181,0.2550,0.8028
666800,0.0996,0.2182,0.7383
672798,0.0875,0.1876,0.6414
678795,0.0751,0.1605,0.5464
684797,0.0652,0.1379,0.4657
690795,0.0562,0.1190,0.3967
696798,0.0491,0.1043,0.3445
702796,0.0400,0.0898,0.2937
708799,0.0335,0.0781,0.2491
714794,0.0292,0.0674,0.2147
720799,0.0256,0.0580,0.1819
726793,0.0222,0.0511,0.1559
732791,0.0205,0.0438,0.1330
738790,0.0188,0.0372,0.1125
744790,0.0155,0.0327,0.0948
750794,0.0142,0.0289,0.0800
756800,0.0116,0.0256,0.0696
762793,0.0093,0.0228,0.0572
768796,0.0096,0.0208,0.0444
774793,0.0095,0.0188,0.0389
780794,0.0088,0.0167,0.0343
786800,0.0159,0.0149,0.0297
792793,0.0146,0.0119,0.0233
798798,0.0137,0.0102,0.0227
804798,0.0124,0.0101,0.0188
810801,0.0094,0.0100,0.0165
816800,0.0085,0.0085,0.0135
822794,0.0067,0.0083,0.0120
828793,0.0077,0.0081,0.0111
834797,0.0115,0.0069,0.0089
840795,0.0170,0.0073,0.0087
846792,0.0256,0.0083,0.0086
852797,0.0410,0.0085,0.0082
858795,0.0678,0.0079,0.0099
864801,0.1179,0.0124,0.0093
870798,0.2011,0.0280,0.0087
876796,0.3007,0.0455,0.0090
882803,0.3850,0.0689,0.0092
888794,0.4567,0.1055,0.0083
894797,0.5194,0.1615,0.0083
900797,0.5716,0.2460,0.0082
906799,0.6180,0.3367,0.0065
912797,0.6578,0.4149,0.0060
918793,0.6919,0.4814,0.0063
924797,0.7219,0.5393,0.0069
930794,0.7498,0.5885,0.0054
936800,0.7747,0.6321,0.0040
942795,0.7965,0.6727,0.0029
948800,0.8182,0.7101,0.0000
954787,0.8396,0.7450,0.0000
960795,0.8621,0.7755,0.0000
966793,0.8837,0.8031,0.0000
972797,0.9021,0.8255,0.0000
978790,0.9183,0.8453,0.0000
984794,0.9315,0.8639,0.0000
990793,0.9442,0.8793,0.0008
996800,0.9541,0.8932,0.0023
1002797,0.9628,0.9060,0.0028
1008800,0.9700,0.9162,0.0042
1014802,0.9745,0.9266,0.0322
1020800,0.9780,0.9355,0.1736
1026799,0.9669,0.9455,0.2931
1032799,0.9503,0.9469,0.3882
1038799,0.8924,0.9418,0.4642
1044791,0.7915,0.9377,0.5282
1050798,0.6723,0.9335,0.5808
1056794,0.5731,0.9272,0.6273
1062801,0.4860,0.9203,0.6654
1068797,0.4145,0.9145,0.6975
1074800,0.3536,0.9089,0.7268
1080798,0.3047,0.9023,0.7507
1086794,0.2607,0.8899,0.7706
1092798,0.2201,0.8378,0.7879
1098794,0.1866,0.7484,0.8016
1104798,0.1594,0.6454,0.8122
1110800,0.1368,0.5500,0.8199
1116800,0.1158,0.4690,0.8264
1122794,0.0998,0.3993,0.8285
1128798,0.0840,0.3401,0.7830
1134791,0.0724,0.2905,0.6918
1140798,0.0626,0.2480,0.5875
1146795,0.0546,0.2112,0.5026
1152795,0.0459,0.1806,0.4263
1158796,0.0410,0.1542,0.3619
1164799,0.0353,0.1321,0.3084
1170796,0.0289,0.1134,0.2627
1176799,0.0240,0.0971,0.2248
1182796,0.0224,0.0836,0.1896
1188796,0.0198,0.0718,0.1603
1194799,0.0185,0.0607,0.1378
1200801,0.0152,0.0519,0.1166
1206797,0.0140,0.0455,0.0999
1212796,0.0126,0.0401,0.0862
1218795,0.0130,0.0355,0.0727
1224803,0.0130,0.0313,0.0613
1230795,0.0121,0.0280,0.0512
1236798,0.0117,0.0242,0.0406
1242798,0.0116,0.0213,0.0340
1248795,0.0115,0.0188,0.0273
1254795,0.0093,0.0167,0.0241
1260799,0.0092,0.0149,0.0182
1266798,0.0092,0.0130,0.0164
1272798,0.0070,0.0121,0.0144
1278798,0.0104,0.0096,0.0094
1284794,0.0194,0.0075,0.0098
1290797,0.0280,0.0049,0.0092
1296796,0.0457,0.0049,0.0066
1302801,0.0761,0.0045,0.0048
1308797,0.1407,0.0056,0.0056
1314796,0.2518,0.0087,0.0042
1320799,0.3480,0.0085,0.0048
1326801,0.4302,0.0097,0.0053
1332801,0.5000,0.0086,0.0054
1338795,0.5624,0.0077,0.0054
1344799,0.6185,0.0072,0.0034
1350800,0.6671,0.0076,0.0024
1356798,0.7088,0.0082,0.0029
1362795,0.7445,0.0095,0.0033
1368799,0.7761,0.0447,0.0043
1374795,0.8069,0.1716,0.0032
1380794,0.8337,0.2895,0.0059
1386801,0.8562,0.3886,0.0059
1392798,0.8728,0.4764,0.0056
1398802,0.8861,0.5507,0.0052
1404797,0.8995,0.6159,0.0060
1410795,0.9109,0.6721,0.0138
1416798,0.9209,0.7185,0.0318
1422799,0.9281,0.7586,0.0675
1428794,0.9355,0.7934,0.1438
1434793,0.9400,0.8226,0.2561
1440796,0.9370,0.8485,0.3523
1446799,0.9170,0.8691,0.4337
1452794,0.8628,0.8859,0.5029
1458800,0.7740,0.8994,0.5618
1464799,0.6719,0.9117,0.6121
1470797,0.5725,0.9178,0.6553
1476804,0.4876,0.9163,0.6943
1482796,0.4165,0.9161,0.7261
1488796,0.3557,0.9159,0.7522
1494800,0.3043,0.9107,0.7740
1500796,0.2566,0.9046,0.7935
1506796,0.2198,0.8990,0.8091
1512797,0.1882,0.8612,0.8110
1518797,0.1610,0.7668,0.7778
1524799,0.1379,0.6554,0.7123
1530797,0.1182,0.5588,0.6302
1536796,0.1013,0.4771,0.5424
1542796,0.0883,0.4063,0.4615
1548794,0.0743,0.3461,0.3939
1554796,0.0648,0.2949,0.3343
1560801,0.0558,0.2521,0.2857
1566798,0.0491,0.2157,0.2416
1572795,0.0425,0.1823,0.2066
1578799,0.0365,0.1563,0.1764
1584803,0.0327,0.1343,0.1512
1590801,0.0289,0.1159,0.1290
1596799,0.0283,0.0993,0.1074
1602798,0.0251,0.0858,0.0922
1608799,0.0218,0.0729,0.0792
1614797,0.0202,0.0631,0.0668
1620798,0.0176,0.0543,0.0563
1626800,0.0145,0.0465,0.0473
1632795,0.0127,0.0396,0.0390
1638799,0.0119,0.0347,0.0340
1644793,0.0087,0.0302,0.0273
1650795,0.0109,0.0242,0.0227
1656800,0.0075,0.0206,0.0188
1662798,0.0074,0.0189,0.0172
1668795,0.0055,0.0165,0.0137
1674799,0.0054,0.0147,0.0136
1680796,0.0053,0.0118,0.0124
1686798,0.0062,0.0122,0.0117
1692803,0.0029,0.0107,0.0108
1698804,0.0029,0.0094,0.0080
1704802,0.0011,0.0091,0.0056
1710797,0.0102,0.0095,0.0042
1716798,0.0276,0.0088,0.0027
1722795,0.0515,0.0078,0.0035
1728802,0.0811,0.0074,0.0018
1734806,0.1246,0.0077,0.0027
1740802,0.1936,0.0065,0.0018
1746800,0.2934,0.0056,0.0020
1752794,0.3791,0.0047,0.0026
1758801,0.4520,0.0037,0.0017
1764795,0.5142,0.0038,0.0002
1770795,0.5674,0.0040,0.0000
1776792,0.6127,0.0041,0.0000
1782801,0.6542,0.0028,0.0000
1788794,0.6922,0.0034,0.0000
1794797,0.7276,0.0061,0.0000
1800795,0.7630,0.0539,0.0000
1806799,0.7964,0.1788,0.0000
1812793,0.8260,0.2838,0.0007
1818800,0.8509,0.3753,0.0012
1824807,0.8717,0.4530,0.0032
1830799,0.8891,0.5187,0.0036
1836800,0.9064,0.5752,0.0022
1842801,0.9173,0.6223,0.0013
1848795,0.9270,0.6636,0.0016
1854799,0.9358,0.6995,0.0023
1860800,0.9423,0.7279,0.0035
1866792,0.9482,0.7520,0.0045
1872796,0.9554,0.7725,0.0064
1878797,0.9599,0.7914,0.0381
1884798,0.9610,0.8081,0.1584
1890800,0.9331,0.8202,0.2778
1896797,0.8571,0.8322,0.3827
1902801,0.7529,0.8389,0.4685
1908797,0.6395,0.8457,0.5431
1914809,0.5449,0.8500,0.6058
1920800,0.4627,0.8533,0.6581
1926800,0.3937,0.8561,0.6923
1932802,0.3354,0.8567,0.7196
1938808,0.2864,0.8576,0.7432
1944800,0.2424,0.8569,0.7626
1950800,0.2067,0.8215,0.7784
1956795,0.1771,0.7289,0.7925
1962803,0.1522,0.6235,0.8031
1968801,0.1298,0.5307,0.8080
1974798,0.1095,0.4525,0.7978
1980796,0.0951,0.3882,0.7399
1986798,0.0803,0.3303,0.6557
1992801,0.0674,0.2811,0.5603
1998799,0.0565,0.2382,0.4754
2004803,0.0491,0.2036,0.4063
2010803,0.0434,0.1748,0.3445
2016800,0.0382,0.1504,0.2961
2022803,0.0295,0.1285,0.2522
2028798,0.0265,0.1096,0.2152
2034800,0.0235,0.0939,0.1817
2040794,0.0214,0.0805,0.1539
2046799,0.0189,0.0699,0.1303
2052801,0.0156,0.0604,0.1120
2058797,0.0087,0.0510,0.0974
2064796,0.0063,0.0448,0.0823
2070799,0.0089,0.0374,0.0694
2076796,0.0095,0.0335,0.0599
2082792,0.0073,0.0296,0.0493
2088803,0.0066,0.0244,0.0424
2094803,0.0070,0.0222,0.0369
2100798,0.0042,0.0196,0.0326
2106798,0.0052,0.0188,0.0289
2112803,0.0055,0.0181,0.0241
2118796,0.0066,0.0164,0.0216
2124798,0.0030,0.0150,0.0193
2130797,0.0036,0.0135,0.0158
2136795,0.0035,0.0129,0.0150
2142798,0.0052,0.0131,0.0143
2148800,0.0055,0.0119,0.0065
2154800,0.0036,0.0115,0.0064
2160801,0.0050,0.0101,0.0060
2166796,0.0053,0.0104,0.0059
2172797,0.0040,0.0103,0.0059
2178799,0.0000,0.0087,0.0045
2184800,0.0028,0.0081,0.0050
2190796,0.0043,0.0080,0.0055
2196801,0.0069,0.0071,0.0052
2202804,0.0094,0.0071,0.0053
2208800,0.0121,0.0046,0.0039
2214802,0.0257,0.0043,0.0042
2220802,0.0567,0.0047,0.0048
2226800,0.1223,0.0040,0.0053
2232800,0.2334,0.0052,0.0057
2238800,0.3272,0.0055,0.0060
2244800,0.4072,0.0057,0.0057
2250807,0.4744,0.0049,0.0053
2256804,0.5342,0.0081,0.0061
2262800,0.5841,0.0296,0.0046
2268796,0.6293,0.0746,0.0051
2274801,0.6692,0.1800,0.0052
2280801,0.7093,0.2838,0.0032
2286800,0.7449,0.3724,0.0033
2292800,0.7786,0.4484,0.0033
2298798,0.8044,0.5145,0.0023
2304801,0.8264,0.5734,0.0014
2310800,0.8438,0.6292,0.0017
2316796,0.8599,0.6788,0.0020
2322801,0.8729,0.7217,0.0029
2328797,0.8852,0.7595,0.0033
2334797,0.8945,0.7910,0.0037
2340803,0.9023,0.8191,0.0019
2346800,0.9050,0.8420,0.0032
2352803,0.9039,0.8582,0.0039
2358801,0.8999,0.8671,0.0055
2364799,0.8765,0.8738,0.0326
2370798,0.8075,0.8782,0.1452
2376798,0.7071,0.8823,0.2700
2382798,0.6100,0.8843,0.3747
2388799,0.5202,0.8864,0.4589
2394803,0.4432,0.8871,0.5257
2400799,0.3778,0.8866,0.5842
2406803,0.3240,0.8851,0.6329
2412799,0.2749,0.8839,0.6733
2418798,0.2347,0.8821,0.7089
2424808,0.1981,0.8802,0.7379
2430801,0.1700,0.8780,0.7618
2436800,0.1413,0.8593,0.7825
2442798,0.1196,0.7887,0.8004
2448796,0.1030,0.6871,0.8153
2454799,0.0883,0.5851,0.8252
2460801,0.0745,0.4970,0.8337
2466800,0.0628,0.4242,0.8412
2472799,0.0545,0.3602,0.8469
2478800,0.0467,0.3073,0.8503
2484796,0.0405,0.2619,0.8437
2490800,0.0361,0.2226,0.7929
2496799,0.0320,0.1899,0.7032
2502798,0.0283,0.1636,0.6010
2508806,0.0248,0.1401,0.5103
2514801,0.0202,0.1191,0.4346
2520799,0.0176,0.1030,0.3706
2526797,0.0170,0.0879,0.3156
2532809,0.0158,0.0762,0.2677
2538803,0.0148,0.0669,0.2270
2544796,0.0142,0.0575,0.1938
2550801,0.0131,0.0493,0.1642
2556803,0.0079,0.0422,0.1405
2562803,0.0074,0.0366,0.1206
2568799,0.0080,0.0322,0.1010
2574798,0.0081,0.0277,0.0849
2580806,0.0064,0.0250,0.0731
2586800,0.0050,0.0212,0.0636
2592800,0.0059,0.0198,0.0536
2598804,0.0054,0.0179,0.0430
2604806,0.0041,0.0170,0.0360
2610805,0.0045,0.0152,0.0318
2616801,0.0052,0.0129,0.0258
2622800,0.0055,0.0124,0.0228
2628803,0.0057,0.0109,0.0206
2634801,0.0059,0.0107,0.0149
2640803,0.0045,0.0094,0.0139
2646800,0.0046,0.0098,0.0113
2652799,0.0028,0.0076,0.0104
2658798,0.0040,0.0068,0.0104
2664795,0.0054,0.0055,0.0101
2670800,0.0035,0.0064,0.0094
2676797,0.0043,0.0065,0.0071
2682797,0.0068,0.0063,0.0055
2688804,0.0118,0.0064,0.0059
2694796,0.0227,0.0061,0.0035
2700797,0.0459,0.0059,0.0038
2706809,0.0867,0.0068,0.0041
2712798,0.1518,0.0069,0.0030
2718799,0.2499,0.0055,0.0037
2724800,0.3495,0.0050,0.0044
2730798,0.4366,0.0028,0.0028
2736804,0.5110,0.0035,0.0040
2742800,0.5751,0.0062,0.0039
2748800,0.6300,0.0067,0.0028
2754803,0.6772,0.0082,0.0032
2760801,0.7179,0.0116,0.0063
2766800,0.7523,0.0230,0.0045
2772800,0.7824,0.0537,0.0047
2778803,0.8073,0.1324,0.0035
2784803,0.8313,0.2554,0.0035
2790800,0.8514,0.3607,0.0021
2796805,0.8685,0.4502,0.0023
2802806,0.8845,0.5256,0.0028
2808802,0.8975,0.5921,0.0015
2814801,0.9080,0.6487,0.0025
2820801,0.9172,0.6960,0.0016
2826799,0.9241,0.7363,0.0019
2838418,0.9302,0.7712,0.1212
2844802,0.9361,0.8038,0.2441
2850801,0.9368,0.8311,0.3534
2856797,0.9294,0.8525,0.4459
2862798,0.9022,0.8725,0.5249
2868798,0.8450,0.8888,0.5941
2874804,0.7614,0.9026,0.6519
2880798,0.6651,0.9137,0.7007
2886797,0.5682,0.9231,0.7419
2892796,0.4847,0.9311,0.7772
2898798,0.4145,0.9346,0.8068
2904799,0.3500,0.9381,0.8317
2910800,0.2982,0.9409,0.8535
2916796,0.2549,0.9423,0.8721
2922804,0.2161,0.9393,0.8868
2928799,0.1845,0.9288,0.8997
2934806,0.1532,0.9079,0.9082
2940804,0.1313,0.8510,0.9093
2946799,0.1129,0.7578,0.9093
2952802,0.0974,0.6548,0.9095
2958798,0.0816,0.5552,0.9077
2964806,0.0698,0.4730,0.9072
2970803,0.0610,0.4038,0.9037
2976800,0.0554,0.3443,0.8979
2982801,0.0487,0.2941,0.8828
2988799,0.0425,0.2496,0.8176
2994802,0.0371,0.2132,0.7157
3000803,0.0308,0.1816,0.6095
3006802,0.0275,0.1558,0.5190
3012799,0.0238,0.1328,0.4427
3018804,0.0191,0.1122,0.3778
3024806,0.0170,0.0960,0.3206
3030803,0.0152,0.0824,0.2737
3036801,0.0140,0.0693,0.2335
3042802,0.0126,0.0593,0.1997
3048802,0.0111,0.0507,0.1706
3054802,0.0108,0.0435,0.1431
3060806,0.0161,0.0377,0.1211
3066804,0.0129,0.0334,0.1035
3072810,0.0120,0.0288,0.0895
3078801,0.0106,0.0255,0.0773
3084805,0.0107,0.0214,0.0648
3090797,0.0083,0.0196,0.0566
3096798,0.0078,0.0170,0.0473
3102803,0.0077,0.0152,0.0410
3108798,0.0079,0.0136,0.0368
3114802,0.0077,0.0123,0.0307
3120799,0.0079,0.0111,0.0232
3126804,0.0084,0.0109,0.0202
3132801,0.0066,0.0093,0.0160
3138806,0.0073,0.0086,0.0151
3144800,0.0076,0.0080,0.0137
3150802,0.0084,0.0079,0.0122
3156801,0.0097,0.0081,0.0123
3162800,0.0182,0.0044,0.0099
3168806,0.0230,0.0055,0.0089
3174807,0.0332,0.0058,0.0088
3180803,0.0547,0.0063,0.0090
3186802,0.0893,0.0040,0.0102
3192802,0.1433,0.0044,0.0099
3198806,0.2350,0.0045,0.0096
3204806,0.3310,0.0020,0.0077
3210798,0.4098,0.0010,0.0060
3216801,0.4787,0.0019,0.0025
3222797,0.5397,0.0052,0.0016
3228800,0.5971,0.0051,0.0022
3234805,0.6459,0.0037,0.0031
3240802,0.6904,0.0035,0.0031
3246802,0.7276,0.0044,0.0018
3252804,0.7593,0.0051,0.0031
3258802,0.7871,0.0058,0.0042
3264799,0.8126,0.0117,0.0058
3270797,0.8336,0.0967,0.0040
3276807,0.8549,0.2254,0.0046
3282802,0.8733,0.3370,0.0045
3288805,0.8889,0.4325,0.0067
3294803,0.9013,0.5120,0.0076
3300799,0.9121,0.5798,0.0124
3306804,0.9210,0.6386,0.0210
3312802,0.9291,0.6871,0.0375
3318802,0.9349,0.7287,0.0738
3324805,0.9388,0.7637,0.1505
3330804,0.9431,0.7938,0.2608
3336797,0.9473,0.8198,0.3549
3342799,0.9460,0.8418,0.4346
3348797,0.9188,0.8599,0.5054
3354800,0.8493,0.8759,0.5632
3360802,0.7546,0.8892,0.6119
3366798,0.6461,0.9037,0.6544
3372801,0.5509,0.9181,0.6905
3378807,0.4702,0.9276,0.7229
3384802,0.4004,0.9352,0.7508
3390801,0.3420,0.9418,0.7769
3396804,0.2902,0.9469,0.8004
3402800,0.2483,0.9478,0.8208
3408796,0.2121,0.9478,0.8398
3414800,0.1817,0.9485,0.8580
3420802,0.1561,0.9481,0.8749
3426804,0.1312,0.9448,0.8882
3432801,0.1126,0.9048,0.8988
3438802,0.0968,0.8135,0.9075
3444800,0.0814,0.7047,0.9142
3450802,0.0678,0.5997,0.9164
3456801,0.0593,0.5111,0.9043
3462802,0.0524,0.4341,0.8427
3468804,0.0452,0.3697,0.7514
3474801,0.0398,0.3143,0.6502
3480804,0.0358,0.2689,0.5542
3486800,0.0309,0.2289,0.4695
3492805,0.0270,0.1953,0.3979
3498797,0.0218,0.1671,0.3377
3504801,0.0202,0.1427,0.2865
3510802,0.0188,0.1224,0.2430
3516800,0.0180,0.1055,0.2074
3522808,0.0176,0.0907,0.1768
3528810,0.0154,0.0775,0.1511
3534804,0.0144,0.0673,0.1279
3540802,0.0139,0.0568,0.1103
3546807,0.0129,0.0522,0.0925
3552803,0.0117,0.0462,0.0778
3558806,0.0113,0.0399,0.0653
3564804,0.0116,0.0336,0.0567
3570800,0.0090,0.0289,0.0487
3576797,0.0087,0.0260,0.0426
3582807,0.0066,0.0225,0.0367
3588802,0.0063,0.0209,0.0307
3594807,0.0058,0.0192,0.0249
3600800,0.0069,0.0170,0.0227
3606803,0.0082,0.0155,0.0177
3612795,0.0052,0.0150,0.0111
3618804,0.0055,0.0127,0.0089
3624808,0.0063,0.0126,0.0085
3630800,0.0070,0.0114,0.0077
3636803,0.0086,0.0104,0.0057
3642807,0.0099,0.0103,0.0040
3648803,0.0137,0.0080,0.0039
3654804,0.0235,0.0068,0.0048
3660807,0.0474,0.0065,0.0036
3666803,0.0963,0.0063,0.0018
3672805,0.1747,0.0053,0.0010
3678802,0.2792,0.0052,0.0017
3684805,0.3683,0.0052,0.0030
3690814,0.4418,0.0055,0.0020
3696804,0.5056,0.0061,0.0000
3702800,0.5610,0.0059,0.0000
3708796,0.6081,0.0050,0.0000
3714799,0.6494,0.0042,0.0017
3720805,0.6851,0.0086,0.0006
3726804,0.7201,0.0471,0.0013
3732803,0.7519,0.1670,0.0017
3738807,0.7818,0.2752,0.0009
3744805,0.8077,0.3651,0.0023
3750804,0.8317,0.4429,0.0000
3756801,0.8492,0.5091,0.0000
3762802,0.8645,0.5621,0.0000
3768798,0.8778,0.6100,0.0000
3774801,0.8890,0.6511,0.0000
3780799,0.8998,0.6867,0.0000
3786798,0.9099,0.7167,0.0004
3792808,0.9139,0.7418,0.0019
3798805,0.8971,0.7631,0.0056
3804801,0.8492,0.7812,0.0138
3810798,0.7659,0.7977,0.0304
3816805,0.6662,0.8110,0.0650
3822807,0.5658,0.8212,0.1382
3828806,0.4844,0.8310,0.2551
3834804,0.4131,0.8386,0.3549
3840804,0.3491,0.8446,0.4390
3846809,0.2962,0.8498,0.5102
3852803,0.2510,0.8546,0.5693
3858801,0.2094,0.8576,0.6199
3864800,0.1803,0.8619,0.6632
3870809,0.1540,0.8662,0.6997
3876807,0.1332,0.8693,0.7297
3882799,0.1146,0.8711,0.7528
3888802,0.0953,0.8570,0.7721
3894808,0.0824,0.7903,0.7895
3900799,0.0723,0.6938,0.8006
3906799,0.0622,0.5912,0.8089
3912804,0.0524,0.5039,0.7996
3918800,0.0459,0.4294,0.7452
3924805,0.0382,0.3639,0.6620
3930806,0.0341,0.3108,0.5724
3936802,0.0294,0.2642,0.4878
3942803,0.0239,0.2263,0.4151
3948807,0.0207,0.1938,0.3547
3954805,0.0196,0.1661,0.3027
3960805,0.0186,0.1426,0.2578
3966803,0.0178,0.1227,0.2156
3972805,0.0162,0.1039,0.1820
3978806,0.0154,0.0919,0.1559
3984805,0.0138,0.0788,0.1334
3990804,0.0156,0.0681,0.1139
3996806,0.0143,0.0589,0.0984
4002801,0.0135,0.0519,0.0848
4008796,0.0122,0.0452,0.0733
4014808,0.0154,0.0366,0.0652
4020803,0.0123,0.0315,0.0546
4026804,0.0112,0.0285,0.0472
4032798,0.0106,0.0257,0.0414
4038805,0.0106,0.0229,0.0360
4044805,0.0107,0.0195,0.0301
4050803,0.0148,0.0158,0.0264
4056808,0.0133,0.0149,0.0219
4062804,0.0093,0.0130,0.0192
4068801,0.0101,0.0118,0.0147
4074799,0.0097,0.0107,0.0120
4080805,0.0087,0.0098,0.0107
4086809,0.0068,0.0098,0.0069
4092809,0.0066,0.0097,0.0053
4098804,0.0072,0.0093,0.0040
4104803,0.0090,0.0094,0.0039
4110809,0.0106,0.0083,0.0049
4116803,0.0125,0.0071,0.0033
4122803,0.0200,0.0071,0.0043
4128799,0.0450,0.0067,0.0045
4134801,0.1017,0.0071,0.0044
4140802,0.2180,0.0068,0.0046
4146802,0.3261,0.0065,0.0027
4152803,0.4152,0.0055,0.0031
4158801,0.4925,0.0058,0.0035
4164806,0.5600,0.0045,0.0039
4170801,0.6177,0.0046,0.0052
4176799,0.6692,0.0053,0.0035
4182804,0.7102,0.0052,0.0025
4188804,0.7436,0.0041,0.0016
4194808,0.7741,0.0088,0.0008
4200807,0.8009,0.0285,0.0000
4206797,0.8237,0.0914,0.0000
4212800,0.8443,0.2106,0.0000
4218798,0.8627,0.3123,0.0000
4224793,0.8784,0.3998,0.0000
4230800,0.8917,0.4746,0.0232
4236806,0.9049,0.5410,0.1636
4242806,0.9155,0.5970,0.2863
4248806,0.9245,0.6429,0.3889
4254801,0.9284,0.6815,0.4713
4260808,0.9290,0.7162,0.5424
4266807,0.9262,0.7452,0.6073
4272804,0.9197,0.7703,0.6624
4278800,0.8894,0.7916,0.7100
4284805,0.8197,0.8136,0.7494
4290806,0.7202,0.8295,0.7836
4296803,0.6151,0.8434,0.8116
4302808,0.5242,0.8541,0.8385
4308809,0.4463,0.8628,0.8589
4314809,0.3782,0.8685,0.8733
4320800,0.3231,0.8715,0.8820
4326804,0.2797,0.8741,0.8850
4332806,0.2385,0.8688,0.8855
4338801,0.2041,0.8252,0.8849
4344805,0.1739,0.7341,0.8844
4350799,0.1473,0.6276,0.8826
4356806,0.1266,0.5349,0.8742
4362807,0.1096,0.4546,0.8274
4368804,0.0923,0.3879,0.7342
4374800,0.0798,0.3311,0.6270
4380806,0.0732,0.2814,0.5338
4386805,0.0611,0.2389,0.4546
4392804,0.0533,0.2041,0.3849
4398806,0.0448,0.1724,0.3287
4404807,0.0397,0.1476,0.2806
4410801,0.0354,0.1209,0.2376
4416804,0.0312,0.1038,0.2032
4422801,0.0278,0.0890,0.1736
4428808,0.0244,0.0770,0.1487
4434798,0.0264,0.0687,0.1293
4440808,0.0235,0.0616,0.1087
4446801,0.0207,0.0523,0.0940
4452800,0.0187,0.0452,0.0814
4458804,0.0175,0.0395,0.0677
4464811,0.0153,0.0350,0.0587
4470804,0.0138,0.0312,0.0487
4476803,0.0112,0.0258,0.0409
4482803,0.0112,0.0233,0.0339
4488807,0.0109,0.0209,0.0293
4494801,0.0109,0.0196,0.0258
4500802,0.0106,0.0166,0.0228
4506811,0.0098,0.0138,0.0206
4512799,0.0097,0.0128,0.0180
4518805,0.0096,0.0123,0.0158
4524804,0.0116,0.0122,0.0129
4530810,0.0112,0.0122,0.0070
4536801,0.0112,0.0107,0.0048
4542806,0.0140,0.0109,0.0049
4548806,0.0264,0.0096,0.0057
4554807,0.0189,0.0082,0.0057
4560797,0.0168,0.0098,0.0061
4566806,0.0150,0.0094,0.0060
4572804,0.0123,0.0090,0.0039
4578810,0.0121,0.0080,0.0028
4584809,0.0147,0.0079,0.0015
4590805,0.0166,0.0074,0.0028
4596803,0.0216,0.0074,0.0050
4602800,0.0280,0.0056,0.0054
4608802,0.0430,0.0058,0.0041
4614807,0.0701,0.0035,0.0043
4620806,0.1119,0.0030,0.0015
4626806,0.1748,0.0061,0.0007
4632802,0.2605,0.0059,0.0015
4638804,0.3500,0.0057,0.0007
4644803,0.4250,0.0059,0.0011
4650804,0.4898,0.0065,0.0018
4656809,0.5488,0.0066,0.0028
4662806,0.6033,0.0056,0.0032
4668804,0.6490,0.0044,0.0036
4674808,0.6890,0.0066,0.0042
4680806,0.7213,0.0063,0.0031
4686808,0.7514,0.0064,0.0018
4692807,0.7789,0.0065,0.0010
4698807,0.8004,0.0063,0.0020
4704803,0.8217,0.0050,0.0026
4710805,0.8423,0.0035,0.0006
4716808,0.8598,0.0055,0.0021
4722808,0.8762,0.0129,0.0105
4728810,0.8911,0.0223,0.0272
4734799,0.9041,0.0425,0.0589
4740808,0.9139,0.0855,0.1121
4746813,0.9216,0.1768,0.1875
4752804,0.9306,0.2818,0.2769
4758805,0.9376,0.3704,0.3635
4764805,0.9442,0.4463,0.4398
4770801,0.9501,0.5109,0.5040
4776805,0.9539,0.5647,0.5589
4782805,0.9541,0.6115,0.6052
4788806,0.9563,0.6513,0.6446
4794801,0.9580,0.6866,0.6798
4800807,0.9606,0.7180,0.7094
4806808,0.9628,0.7453,0.7355
4812808,0.9656,0.7693,0.7567
4818801,0.9674,0.7883,0.7741
4824803,0.9689,0.8048,0.7912
4830807,0.9678,0.8195,0.8054
4836807,0.9658,0.8331,0.8178
4842806,0.9605,0.8421,0.8287
4848804,0.9563,0.8498,0.8387
4854807,0.9374,0.8560,0.8465
4860808,0.8798,0.8591,0.8545
4866807,0.7867,0.8628,0.8619
4872805,0.6795,0.8660,0.8744
4878806,0.5787,0.8683,0.8857
4884805,0.4938,0.8692,0.8943
4890807,0.4211,0.8711,0.9044
4896801,0.3587,0.8723,0.9108
4902802,0.3056,0.8709,0.9164
4908801,0.2618,0.8710,0.9210
4914806,0.2220,0.8715,0.9254
4920808,0.1922,0.8716,0.9280
4926806,0.1650,0.8486,0.9313
4932801,0.1398,0.7864,0.9344
4938808,0.1180,0.6993,0.9364
4944803,0.1053,0.6034,0.9374
4950803,0.0906,0.5143,0.9386
4956802,0.0787,0.4375,0.9368
4962807,0.0673,0.3729,0.9374
4968809,0.0589,0.3170,0.9369
4974804,0.0520,0.2705,0.9364
4980807,0.0462,0.2303,0.9354
4986807,0.0387,0.1965,0.9334
4992803,0.0324,0.1681,0.9277
4998810,0.0295,0.1432,0.8889
5004805,0.0268,0.1232,0.8067
5010809,0.0210,0.1057,0.7033
5016806,0.0189,0.0917,0.6004
5022808,0.0187,0.0801,0.5112
5028804,0.0184,0.0684,0.4357
5034803,0.0238,0.0581,0.3699
5040807,0.0213,0.0508,0.3159
5046804,0.0191,0.0450,0.2697
5052810,0.0176,0.0390,0.2305
5058804,0.0163,0.0331,0.1968
5064799,0.0149,0.0296,0.1636
5070811,0.0140,0.0248,0.1386
5076811,0.0133,0.0225,0.1187
5082805,0.0127,0.0209,0.1021
5088806,0.0130,0.0195,0.0849
5094804,0.0124,0.0177,0.0730
5100808,0.0113,0.0179,0.0626
5106806,0.0088,0.0159,0.0520
5112805,0.0082,0.0149,0.0450
5118804,0.0062,0.0120,0.0377
5124807,0.0066,0.0109,0.0309
5130805,0.0073,0.0107,0.0257
5136801,0.0072,0.0098,0.0224
5142806,0.0075,0.0090,0.0195
5148806,0.0074,0.0077,0.0178
5154804,0.0126,0.0065,0.0136
5160808,0.0117,0.0059,0.0124
5166805,0.0116,0.0068,0.0097
5172806,0.0091,0.0058,0.0077
5178807,0.0097,0.0067,0.0057
5184813,0.0093,0.0075,0.0033
5190807,0.0096,0.0071,0.0016
5196806,0.0095,0.0081,0.0032
5202804,0.0076,0.0083,0.0033
5208811,0.0081,0.0082,0.0016
5214803,0.0054,0.0080,0.0018
5220812,0.0063,0.0089,0.0028
5226809,0.0067,0.0080,0.0032
5232805,0.0077,0.0078,0.0033
5238805,0.0057,0.0056,0.0022
5244805,0.0056,0.0051,0.0007
5250806,0.0067,0.0075,0.0015
5256804,0.0074,0.0068,0.0021
5262805,0.0082,0.0065,0.0026
5268805,0.0087,0.0069,0.0028
5274808,0.0087,0.0070,0.0032
5280809,0.0088,0.0070,0.0033
5286807,0.0088,0.0066,0.0040
5292806,0.0085,0.0060,0.0011
5298807,0.0089,0.0044,0.0004
5304808,0.0083,0.0037,0.0000
5310804,0.0066,0.0042,0.0000
5316801,0.0051,0.0043,0.0000
5322800,0.0054,0.0037,0.0000
5328802,0.0062,0.0035,0.0000
5334802,0.0039,0.0044,0.0000
5340801,0.0043,0.0037,0.0000
5346800,0.0044,0.0032,0.0005
5352806,0.0048,0.0027,0.0013
5358804,0.0057,0.0030,0.0023
5364805,0.0087,0.0040,0.0035
5370806,0.0084,0.0048,0.0038
5376807,0.0088,0.0055,0.0027
5382805,0.0083,0.0061,0.0032
5388810,0.0065,0.0070,0.0043
5394809,0.0066,0.0052,0.0045
5400809,0.0073,0.0041,0.0047
5406806,0.0069,0.0052,0.0028
5412811,0.0134,0.0030,0.0029
5418805,0.0109,0.0029,0.0033
5424806,0.0109,0.0014,0.0037
5430807,0.0088,0.0019,0.0043
5436803,0.0048,0.0009,0.0049
5442804,0.0048,0.0019,0.0036
5448803,0.0033,0.0012,0.0022
5454804,0.0035,0.0021,0.0031
5460806,0.0044,0.0022,0.0035
5466809,0.0057,0.0029,0.0079
5472804,0.0065,0.0039,0.0189
5478807,0.0066,0.0033,0.0361
5484808,0.0063,0.0032,0.0832
5490809,0.0067,0.0038,0.1800
5496806,0.0068,0.0060,0.2897
5502806,0.0043,0.0059,0.3825
5508807,0.0032,0.0060,0.4628
5514807,0.0016,0.0051,0.5304
5520806,0.0073,0.0061,0.5882
5526812,0.0066,0.0066,0.6377
5532807,0.0042,0.0064,0.6804
5538804,0.0043,0.0026,0.7150
5544803,0.0041,0.0029,0.7464
5550807,0.0021,0.0035,0.7729
5556806,0.0013,0.0034,0.7946
5562809,0.0000,0.0021,0.8117
5568811,0.0010,0.0157,0.8273
5574802,0.0004,0.0667,0.8409
5580805,0.0000,0.1981,0.8549
5586811,0.0000,0.3117,0.8681
5592805,0.0000,0.4085,0.8814
5598809,0.0003,0.4912,0.8923
5604806,0.0007,0.5626,0.9003
5610806,0.0010,0.6228,0.9111
5616810,0.0003,0.6730,0.9115
5622810,0.0010,0.7167,0.9097
5628804,0.0028,0.7546,0.9082
5634806,0.0483,0.7868,0.9076
5640804,0.1907,0.8163,0.9067
5646807,0.3127,0.8417,0.9074
5652807,0.4134,0.8633,0.9015
5658808,0.4989,0.8799,0.8526
5664811,0.5729,0.8937,0.7546
5670805,0.6357,0.9064,0.6440
5676803,0.6876,0.9133,0.5479
5682805,0.7329,0.9150,0.4652
5688811,0.7708,0.9135,0.3963
5694807,0.8043,0.9105,0.3381
5700806,0.8321,0.8791,0.2906
5706805,0.8591,0.7995,0.2475
5712809,0.8775,0.6960,0.2113
5718806,0.8888,0.5937,0.1790
5724808,0.8975,0.5061,0.1517
5730808,0.9043,0.4312,0.1298
5736804,0.8787,0.3680,0.1098
5742813,0.7959,0.3135,0.0945
5748801,0.6837,0.2675,0.0812
5754811,0.5806,0.2288,0.0658
5760804,0.4943,0.1959,0.0568
5766803,0.4181,0.1665,0.0477
5772802,0.3561,0.1419,0.0421
5778801,0.3044,0.1217,0.0342
5784807,0.2604,0.1038,0.0300
5790812,0.2221,0.0882,0.0249
5796810,0.1895,0.0750,0.0221
5802806,0.1618,0.0652,0.0203
5808801,0.1361,0.0565,0.0181
5814810,0.1152,0.0491,0.0159
5820808,0.0971,0.0428,0.0144
5826806,0.0820,0.0367,0.0131
5832806,0.0711,0.0316,0.0120
5838807,0.0636,0.0279,0.0107
5844807,0.0533,0.0248,0.0100
5850807,0.0466,0.0228,0.0097
5856803,0.0391,0.0233,0.0070
5862812,0.0346,0.0202,0.0065
5868807,0.0314,0.0182,0.0064
5874811,0.0259,0.0159,0.0049
5880814,0.0252,0.0177,0.0050
5886807,0.0203,0.0151,0.0082
5892808,0.0161,0.0132,0.0229
5898807,0.0144,0.0116,0.0679
5904810,0.0133,0.0105,0.1937
5910811,0.0105,0.0090,0.3016
5916804,0.0103,0.0090,0.3927
5922807,0.0070,0.0070,0.4701
5928807,0.0055,0.0066,0.5359
5934806,0.0017,0.0053,0.5932
5940811,0.0009,0.0059,0.6423
5946802,0.0000,0.0075,0.6839
5952808,0.0000,0.0146,0.7197
5958807,0.0003,0.0277,0.7498
5970824,0.0016,0.1206,0.7757
5976807,0.0024,0.2461,0.7994
5982804,0.0012,0.3514,0.8203
5988807,0.0015,0.4416,0.8380
5994807,0.0004,0.5186,0.8541
6000803,0.0020,0.5826,0.8685
6006809,0.0022,0.6410,0.8810
6012811,0.0050,0.6902,0.8906
6018808,0.0038,0.7281,0.8999
6024807,0.0049,0.7604,0.9070
6030807,0.0055,0.7882,0.9148
6036807,0.0039,0.8110,0.9204
6042810,0.0172,0.8312,0.9286
6048809,0.0737,0.8484,0.9335
6054810,0.1973,0.8633,0.9383
6060809,0.3011,0.8767,0.9414
6066805,0.3912,0.8881,0.9417
6072808,0.4678,0.8978,0.9347
6078804,0.5335,0.9053,0.9164
6084806,0.5897,0.9117,0.8585
6090807,0.6380,0.9175,0.7627
6096811,0.6797,0.9231,0.6560
6102813,0.7136,0.9176,0.5567
6108807,0.7437,0.8965,0.4720
6114811,0.7689,0.8310,0.4017
6120808,0.7910,0.7384,0.3427
6126806,0.8095,0.6372,0.2921
6132802,0.8248,0.5431,0.2499
6138809,0.8367,0.4616,0.2136
6144808,0.8455,0.3931,0.1834
6150808,0.8518,0.3345,0.1575
6156808,0.8535,0.2850,0.1347
6162805,0.8564,0.2433,0.1126
6168809,0.8389,0.2075,0.0952
6174803,0.7593,0.1775,0.0825
6180807,0.6529,0.1516,0.0696
6186806,0.5563,0.1296,0.0603
6192803,0.4724,0.1115,0.0504
6198811,0.3992,0.0955,0.0437
6204807,0.3409,0.0830,0.0377
6210810,0.2893,0.0720,0.0315
6216807,0.2454,0.0619,0.0276
6222807,0.2081,0.0537,0.0226
6228809,0.1773,0.0453,0.0187
6234808,0.1499,0.0392,0.0154
6240808,0.1266,0.0337,0.0143
6246809,0.1083,0.0297,0.0106
6252810,0.0931,0.0267,0.0085
6258807,0.0808,0.0241,0.0063
6264808,0.0682,0.0222,0.0110
6270803,0.0599,0.0203,0.0102
6276809,0.0517,0.0169,0.0092
6282808,0.0422,0.0155,0.0070
6288804,0.0378,0.0142,0.0075
6294803,0.0310,0.0131,0.0076
6300808,0.0253,0.0204,0.0025
6306806,0.0210,0.0174,0.0088
6312811,0.0198,0.0165,0.0275
6318807,0.0176,0.0148,0.0861
6324808,0.0212,0.0108,0.2082
6330804,0.0194,0.0106,0.3136
6336810,0.0160,0.0101,0.4008
6342805,0.0146,0.0100,0.4767
6348811,0.0172,0.0056,0.5418
6354814,0.0159,0.0059,0.5948
6360811,0.0143,0.0061,0.6426
6366803,0.0135,0.0055,0.6829
6372809,0.0110,0.0065,0.7164
6378810,0.0088,0.0148,0.7470
6384807,0.0092,0.0328,0.7730
6390812,0.0098,0.0706,0.7947
6396810,0.0075,0.1680,0.8132
6402806,0.0059,0.2769,0.8316
6408809,0.0063,0.3697,0.8463
6414809,0.0061,0.4493,0.8594
6420810,0.0127,0.5152,0.8699
6426813,0.0128,0.5709,0.8792
6432808,0.0128,0.6200,0.8881
6438808,0.0123,0.6606,0.8956
6444804,0.0099,0.6959,0.9024
6450810,0.0089,0.7255,0.9074
6456812,0.0089,0.7514,0.9114
6462809,0.0080,0.7699,0.9141
6468807,0.0140,0.7891,0.9177
6474809,0.0344,0.8076,0.9202
6480806,0.0751,0.8230,0.9202
6486811,0.1571,0.8371,0.9168
6492804,0.2669,0.8509,0.9121
6498811,0.3606,0.8636,0.9075
6504810,0.4399,0.8748,0.9016
6510818,0.5083,0.8840,0.8910
6516807,0.5667,0.8922,0.8400
6522808,0.6142,0.8998,0.7504
6528812,0.6561,0.8871,0.6476
6534811,0.6914,0.8351,0.5537
6540812,0.7211,0.7522,0.4715
6546810,0.7464,0.6582,0.4013
6552810,0.7654,0.5662,0.3423
6558810,0.7800,0.4827,0.2925
6564804,0.7761,0.4142,0.2495
6570805,0.7366,0.3528,0.2105
6576802,0.6649,0.3013,0.1795
6582808,0.5801,0.2579,0.1507
6588805,0.4938,0.2206,0.1289
6594812,0.4208,0.1893,0.1091
6600812,0.3565,0.1616,0.0939
6606808,0.3038,0.1374,0.0814
6612811,0.2587,0.1171,0.0686
6618814,0.2215,0.1003,0.0671
6624808,0.1893,0.0856,0.0582
6630812,0.1629,0.0728,0.0500
6636806,0.1401,0.0633,0.0399
6642810,0.1186,0.0552,0.0355
6648809,0.1022,0.0473,0.0296
6654813,0.0833,0.0423,0.0247
6660808,0.0697,0.0363,0.0222
6666802,0.0606,0.0316,0.0180
6672810,0.0528,0.0265,0.0165
6678811,0.0463,0.0229,0.0152
6684809,0.0407,0.0230,0.0117
6690811,0.0332,0.0206,0.0094
6696812,0.0292,0.0190,0.0071
6702813,0.0225,0.0150,0.0073
6708806,0.0168,0.0142,0.0067
6714808,0.0159,0.0139,0.0086
6720811,0.0173,0.0132,0.0061
6726813,0.0139,0.0123,0.0067
6732808,0.0113,0.0119,0.0110
6738812,0.0113,0.0115,0.0191
6744815,0.0100,0.0101,0.0370
6750808,0.0102,0.0093,0.0743
6756809,0.0072,0.0090,0.1390
6762815,0.0044,0.0073,0.2312
6768811,0.0054,0.0048,0.3325
6774811,0.0053,0.0048,0.4193
6780812,0.0037,0.0041,0.4917
6786809,0.0039,0.0038,0.5542
6792805,0.0028,0.0043,0.6071
6798812,0.0044,0.0037,0.6513
6804810,0.0048,0.0038,0.6872
6810812,0.0060,0.0043,0.7218
6816811,0.0083,0.0040,0.7505
6822806,0.0081,0.0049,0.7760
6828811,0.0092,0.0066,0.7976
6834806,0.0095,0.0124,0.8129
6840809,0.0091,0.0191,0.8294
6846806,0.0088,0.0322,0.8423
6852808,0.0085,0.0566,0.8540
6858806,0.0123,0.1042,0.8632
6864805,0.0115,0.1746,0.8721
6870810,0.0114,0.2856,0.8797
6876808,0.0111,0.3832,0.8885
6882806,0.0111,0.4654,0.8953
6888812,0.0098,0.5360,0.9007
6894810,0.0079,0.5989,0.9054
6900812,0.0074,0.6526,0.9093
6906807,0.0067,0.6983,0.9126
6912812,0.0049,0.7379,0.9155
6918812,0.0052,0.7719,0.9189
6924805,0.0003,0.8004,0.9212
6930807,0.0010,0.8250,0.9241
6936810,0.0022,0.8470,0.9266
6942807,0.0010,0.8639,0.9291
6948810,0.0004,0.8790,0.9301
6954809,0.0348,0.8915,0.9324
6960809,0.1772,0.9035,0.9336
6966814,0.3000,0.9137,0.9354
6972813,0.4044,0.9227,0.9335
6978815,0.4931,0.9315,0.9298
6984813,0.5685,0.9393,0.9239
6990812,0.6308,0.9448,0.9182
6996810,0.6846,0.9495,0.9117
7002812,0.7316,0.9529,0.9068
7008810,0.7697,0.9557,0.8760
7014812,0.8076,0.9506,0.8032
7020812,0.8377,0.9413,0.7062
7026809,0.8599,0.8886,0.6042
7032810,0.8763,0.7909,0.5130
7038815,0.8866,0.6794,0.4366
7044808,0.8784,0.5792,0.3727
7050808,0.8260,0.4927,0.3162
7056812,0.7336,0.4199,0.2703
7062805,0.6255,0.3583,0.2307
7068813,0.5330,0.3056,0.1966
7074809,0.4541,0.2605,0.1676
7080807,0.3834,0.2207,0.1406
7086814,0.3272,0.1883,0.1190
7092812,0.2767,0.1611,0.0985
7098807,0.2356,0.1359,0.0853
7104800,0.2010,0.1169,0.0720
7110804,0.1694,0.0998,0.0596
7116811,0.1448,0.0848,0.0471
7122806,0.1222,0.0735,0.0405
7128815,0.1043,0.0639,0.0370
7134808,0.0900,0.0554,0.0309
7140812,0.0757,0.0481,0.0275
7146806,0.0648,0.0409,0.0242
7152805,0.0564,0.0359,0.0218
7158814,0.0496,0.0312,0.0139
7164814,0.0417,0.0272,0.0130
7170813,0.0362,0.0231,0.0119
7176814,0.0318,0.0200,0.0107
7182817,0.0284,0.0170,0.0099
7188805,0.0252,0.0159,0.0103
7194809,0.0209,0.0146,0.0062
7200814,0.0188,0.0124,0.0047
7206811,0.0152,0.0113,0.0045
7212813,0.0124,0.0099,0.0143
7218813,0.0097,0.0095,0.0363
7224817,0.0071,0.0077,0.0864
7230809,0.0056,0.0069,0.1985
7236811,0.0055,0.0062,0.3020
7242808,0.0054,0.0060,0.3899
7248811,0.0093,0.0112,0.4630
7254814,0.0068,0.0102,0.5268
7260814,0.0050,0.0094,0.5817
7266808,0.0056,0.0087,0.6280
7272808,0.0061,0.0117,0.6701
7278814,0.0121,0.0270,0.7063
7284806,0.0116,0.0692,0.7380
7290809,0.0121,0.1878,0.7664
7296812,0.0111,0.2919,0.7915
7302814,0.0089,0.3800,0.8128
7308801,0.0083,0.4545,0.8313
7314807,0.0084,0.5239,0.8454
7320813,0.0088,0.5775,0.8590
7326810,0.0082,0.6242,0.8695
7332814,0.0108,0.6646,0.8795
7338811,0.0078,0.7014,0.8877
7344809,0.0076,0.7341,0.8953
7350811,0.0266,0.7637,0.9011
7356811,0.1063,0.7899,0.9063
7362818,0.2342,0.8139,0.9081
7368808,0.3441,0.8340,0.9065
7374811,0.4379,0.8508,0.9017
7380808,0.5182,0.8664,0.8980
7386814,0.5868,0.8793,0.8941
7392811,0.6454,0.8900,0.8909
7398811,0.6971,0.8972,0.8686
7404807,0.7397,0.8991,0.8048
7410817,0.7769,0.8965,0.7127
7416809,0.8067,0.8829,0.6138
7422809,0.8293,0.8258,0.5205
7428809,0.8457,0.7322,0.4433
7434812,0.8562,0.6295,0.3780
7440812,0.8609,0.5354,0.3229
7446808,0.8612,0.4537,0.2732
7452804,0.8488,0.3867,0.2317
7458810,0.8009,0.3290,0.1964
7464817,0.7159,0.2808,0.1678
7470816,0.6163,0.2404,0.1421
7476812,0.5258,0.2054,0.1224
7482810,0.4465,0.1760,0.1045
7488811,0.3790,0.1503,0.0873
7494808,0.3213,0.1278,0.0778
7500812,0.2748,0.1100,0.0670
7506815,0.2349,0.0943,0.0554
7512808,0.2004,0.0812,0.0486
7518812,0.1695,0.0694,0.0388
7524811,0.1452,0.0597,0.0324
7530807,0.1241,0.0504,0.0284
7536816,0.1075,0.0428,0.0247
7542809,0.0859,0.0346,0.0194
7548810,0.0738,0.0312,0.0174
7554814,0.0622,0.0269,0.0135
7560811,0.0521,0.0229,0.0096
7566812,0.0459,0.0201,0.0073
7572811,0.0398,0.0185,0.0053
7578818,0.0349,0.0168,0.0051
7584815,0.0310,0.0147,0.0034
7590809,0.0271,0.0132,0.0024
7596812,0.0225,0.0123,0.0015
7602812,0.0205,0.0111,0.0008
7608812,0.0188,0.0098,0.0018
7614816,0.0170,0.0094,0.0024
7620812,0.0139,0.0094,0.0036
7626815,0.0141,0.0119,0.0070
7632803,0.0137,0.0116,0.0178
7638815,0.0108,0.0113,0.0461
7644811,0.0112,0.0099,0.1053
7650809,0.0078,0.0084,0.1985
7656812,0.0083,0.0079,0.3044
7662811,0.0078,0.0078,0.3943
7668812,0.0079,0.0066,0.4715
7674813,0.0072,0.0060,0.5374
7680809,0.0069,0.0047,0.5935
7686812,0.0053,0.0054,0.6408
7692812,0.0040,0.0057,0.6813
7698808,0.0051,0.0041,0.7154
7704808,0.0057,0.0035,0.7458
7710810,0.0043,0.0055,0.7703
7716807,0.0041,0.0132,0.7921
7722815,0.0045,0.0230,0.8113
7728809,0.0030,0.0412,0.8256
7734811,0.0018,0.0880,0.8384
7740804,0.0053,0.1996,0.8503
7746814,0.0025,0.3097,0.8611
7752816,0.0032,0.4061,0.8714
7758810,0.0022,0.4874,0.8801
7764815,0.0026,0.5561,0.8871
7770810,0.0017,0.6159,0.8934
7776806,0.0022,0.6668,0.8964
7782811,0.0014,0.7086,0.9010
7788808,0.0000,0.7456,0.9049
7794815,0.0000,0.7763,0.9082
7800807,0.0007,0.8034,0.9107
7806812,0.0000,0.8272,0.9115
7812813,0.0000,0.8460,0.9107
7818810,0.0000,0.8620,0.9084
7824815,0.0000,0.8738,0.9043
7830811,0.0000,0.8857,0.9002
7836812,0.0000,0.8950,0.8957
7842811,0.0049,0.9022,0.8929
7848810,0.0233,0.9087,0.8894
7854812,0.0817,0.9128,0.8811
7860813,0.2105,0.9188,0.8342
7866810,0.3240,0.9235,0.7490
7872814,0.4233,0.9275,0.6484
7878813,0.5052,0.9299,0.5548
7884811,0.5751,0.9262,0.4710
7890812,0.6339,0.9138,0.3998
7896812,0.6842,0.8684,0.3369
7902812,0.7264,0.7833,0.2873
7908809,0.7634,0.6825,0.2430
7914811,0.7918,0.5812,0.2074
7920807,0.8157,0.4955,0.1782
7926812,0.8335,0.4215,0.1523
7932809,0.8394,0.3604,0.1310
7938813,0.8301,0.3064,0.1122
7944819,0.7699,0.2604,0.0962
7950811,0.6748,0.2228,0.0809
7956812,0.5731,0.1901,0.0683
7962813,0.4866,0.1605,0.0575
7968810,0.4150,0.1375,0.0483
7974814,0.3531,0.1183,0.0402
7980814,0.3028,0.1005,0.0354
7986818,0.2562,0.0862,0.0296
7992809,0.2185,0.0743,0.0246
7998813,0.1871,0.0650,0.0235
8004810,0.1598,0.0670,0.0167
8010815,0.1375,0.0555,0.0137
8016815,0.1179,0.0482,0.0145
8022810,0.0982,0.0421,0.0132
8028810,0.0823,0.0368,0.0124
8034808,0.0707,0.0327,0.0111
8040813,0.0593,0.0282,0.0089
8046814,0.0518,0.0254,0.0081
8052811,0.0447,0.0223,0.0081
8058811,0.0385,0.0204,0.0077
8064810,0.0319,0.0180,0.0074
8070812,0.0275,0.0167,0.0068
8076811,0.0251,0.0160,0.0063
8082813,0.0227,0.0147,0.0083
8088813,0.0197,0.0128,0.0065
8094811,0.0181,0.0130,0.0061
8100814,0.0161,0.0122,0.0060
8106810,0.0212,0.0103,0.0042
8112806,0.0194,0.0099,0.0031
8118811,0.0172,0.0084,0.0141
8124812,0.0126,0.0082,0.0409
8130816,0.0090,0.0066,0.1122
8136812,0.0081,0.0070,0.2327
8142808,0.0085,0.0067,0.3348
8148813,0.0049,0.0064,0.4216
8154811,0.0036,0.0076,0.4947
8160814,0.0045,0.0182,0.5571
8166812,0.0054,0.0336,0.6109
8172809,0.0041,0.0538,0.6566
8178809,0.0046,0.0898,0.6955
8184814,0.0046,0.1805,0.7292
8190813,0.0044,0.2828,0.7585
8196814,0.0072,0.3705,0.7835
8202817,0.0072,0.4472,0.8057
8208814,0.0056,0.5130,0.8239
8214811,0.0055,0.5687,0.8404
8220814,0.0063,0.6184,0.8527
8226811,0.0061,0.6583,0.8645
8232814,0.0063,0.6914,0.8749
8238812,0.0064,0.7213,0.8838
8244812,0.0074,0.7464,0.8920
8250810,0.0048,0.7692,0.8979
8256815,0.0113,0.7885,0.9040
8262815,0.1050,0.8071,0.9085
8268812,0.2364,0.8275,0.9143
8274808,0.3467,0.8466,0.9152
8280812,0.4407,0.8647,0.9122
8286812,0.5215,0.8803,0.9072
8292812,0.5896,0.8940,0.9030
8298809,0.6475,0.9057,0.8847
8304813,0.6973,0.9159,0.8295
8310812,0.7396,0.9218,0.7401
8316811,0.7753,0.9204,0.6409
8322809,0.8050,0.9131,0.5470
8328803,0.8278,0.8668,0.4669
8334810,0.8469,0.7741,0.3984
8340810,0.8619,0.6680,0.3374
8346810,0.8712,0.5681,0.2883
8352821,0.8697,0.4857,0.2446
8358812,0.8367,0.4143,0.2084
8364814,0.7617,0.3504,0.1756
8370810,0.6580,0.2993,0.1487
8376817,0.5603,0.2547,0.1276
8382813,0.4755,0.2172,0.1093
8388818,0.4052,0.1857,0.0945
8394811,0.3439,0.1582,0.0812
8400816,0.2909,0.1352,0.0674
8406815,0.2489,0.1163,0.0561
8412815,0.2148,0.0992,0.0486
8418813,0.1784,0.0844,0.0418
8424811,0.1508,0.0721,0.0360
8430814,0.1277,0.0620,0.0298
8436811,0.1077,0.0541,0.0269
8442810,0.0935,0.0474,0.0240
8448811,0.0824,0.0417,0.0213
8454816,0.0665,0.0351,0.0176
8460813,0.0572,0.0309,0.0155
8466812,0.0481,0.0281,0.0143
8472815,0.0423,0.0249,0.0106
8478812,0.0385,0.0219,0.0099
8484815,0.0341,0.0197,0.0093
8490810,0.0276,0.0178,0.0091
8496812,0.0226,0.0155,0.0117
8502809,0.0181,0.0149,0.0084
8508814,0.0192,0.0127,0.0066
8514815,0.0174,0.0115,0.0112
8520810,0.0133,0.0091,0.0224
8526811,0.0124,0.0095,0.0476
8532812,0.0097,0.0066,0.1094
8538813,0.0099,0.0067,0.2293
8544807,0.0101,0.0046,0.3319
8550816,0.0078,0.0047,0.4191
8556815,0.0073,0.0047,0.4926
8562816,0.0094,0.0047,0.5533
8568814,0.0060,0.0040,0.6073
8574815,0.0067,0.0162,0.6536
8580812,0.0065,0.0479,0.6932
8586813,0.0032,0.1278,0.7266
8592808,0.0022,0.2416,0.7566
8598817,0.0013,0.3365,0.7829
8604818,0.0003,0.4179,0.8045
8610812,0.0010,0.4892,0.8225
8616815,0.0019,0.5499,0.8386
8622813,0.0008,0.6000,0.8529
8628812,0.0014,0.6443,0.8647
8634811,0.0023,0.6821,0.8751
8640814,0.0030,0.7152,0.8870
8646808,0.0000,0.7426,0.8933
8652814,0.0501,0.7659,0.9004
8658814,0.1883,0.7893,0.9071
8664807,0.3079,0.8106,0.9153
8670814,0.4083,0.8319,0.9139
8676807,0.4937,0.8522,0.9098
8682812,0.5660,0.8701,0.9062
8688817,0.6280,0.8839,0.9025
8694813,0.6786,0.8956,0.8986
8700817,0.7231,0.9056,0.8940
8706815,0.7607,0.9130,0.8805
8712820,0.7923,0.9193,0.8238
8718815,0.8188,0.9172,0.7329
8724814,0.8438,0.8905,0.6317
8730813,0.8608,0.8188,0.5375
8736812,0.8759,0.7184,0.4574
8742814,0.8813,0.6145,0.3893
8748809,0.8810,0.5238,0.3314
8754815,0.8776,0.4452,0.2808
8760812,0.8567,0.3777,0.2372
8766813,0.7934,0.3211,0.2024
8772813,0.6948,0.2747,0.1733
8778817,0.5922,0.2335,0.1485
8784813,0.5044,0.1995,0.1254
8790812,0.4295,0.1710,0.1078
8796812,0.3655,0.1464,0.0921
8802812,0.3151,0.1252,0.0792
8808812,0.2670,0.1061,0.0685
8814812,0.2286,0.0916,0.0594
8820813,0.1960,0.0771,0.0517
8826814,0.1680,0.0663,0.0448
8832811,0.1444,0.0563,0.0390
8838812,0.1235,0.0482,0.0309
8844810,0.1054,0.0446,0.0247
8850810,0.0879,0.0379,0.0218
8856816,0.0767,0.0336,0.0211
8862815,0.0690,0.0279,0.0188
8868819,0.0618,0.0233,0.0148
8874816,0.0530,0.0209,0.0141
8880815,0.0439,0.0188,0.0115
8886816,0.0387,0.0178,0.0099
8892812,0.0342,0.0162,0.0090
8898817,0.0302,0.0145,0.0088
8904816,0.0270,0.0123,0.0059
8910818,0.0215,0.0112,0.0059
8916811,0.0203,0.0102,0.0066
8922817,0.0210,0.0087,0.0047
8928817,0.0195,0.0088,0.0062
8934815,0.0180,0.0089,0.0103
8940813,0.0163,0.0090,0.0229
8946813,0.0152,0.0091,0.0494
8952819,0.0124,0.0088,0.1232
8958815,0.0116,0.0082,0.2418
8964814,0.0094,0.0101,0.3418
8970814,0.0109,0.0083,0.4275
8976816,0.0100,0.0070,0.4997
8982815,0.0089,0.0067,0.5621
8988812,0.0071,0.0057,0.6155
8994811,0.0092,0.0059,0.6612
9000816,0.0086,0.0054,0.6994
9006817,0.0117,0.0021,0.7315
9012815,0.0119,0.0032,0.7591
9018808,0.0121,0.0088,0.7850
9024810,0.0110,0.0249,0.8073
9030808,0.0110,0.0599,0.8259
9036811,0.0070,0.1451,0.8401
9042815,0.0055,0.2666,0.8552
9048813,0.0060,0.3699,0.8684
9054816,0.0071,0.4580,0.8792
9060817,0.0071,0.5325,0.8884
9066814,0.0071,0.5966,0.8970
9072815,0.0077,0.6500,0.9039
9078819,0.0143,0.6965,0.9104
9084820,0.0132,0.7345,0.9163
9090817,0.0120,0.7690,0.9214
9102815,0.0183,0.7973,0.9256
9108817,0.0181,0.8227,0.9272
9114814,0.0205,0.8433,0.9330
9120815,0.0252,0.8622,0.9372
9126820,0.0412,0.8757,0.9408
9132813,0.0843,0.8880,0.9436
9138814,0.2084,0.8994,0.9435
9144813,0.3235,0.9099,0.9424
9150815,0.4234,0.9184,0.9363
9156810,0.5087,0.9257,0.9315
9162812,0.5811,0.9287,0.9257
9168812,0.6443,0.9301,0.9143
9174819,0.6976,0.9292,0.8563
9180815,0.7412,0.9288,0.7585
9186817,0.7788,0.9253,0.6490
9192811,0.8110,0.8942,0.5525
9198818,0.8369,0.8212,0.4719
9204814,0.8580,0.7244,0.4043
9210809,0.8735,0.6243,0.3432
9216813,0.8851,0.5317,0.2925
9222814,0.8940,0.4509,0.2499
9228814,0.8863,0.3843,0.2136
9234810,0.8278,0.3281,0.1845
9240816,0.7280,0.2799,0.1559
9246811,0.6201,0.2390,0.1334
9252813,0.5297,0.2039,0.1129
9258813,0.4516,0.1740,0.0951
9264815,0.3791,0.1483,0.0830
9270813,0.3217,0.1282,0.0721
9276812,0.2745,0.1097,0.0622
9282816,0.2341,0.0968,0.0547
9288811,0.1997,0.0833,0.0446
9294815,0.1689,0.0730,0.0388
9300813,0.1446,0.0627,0.0342
9306813,0.1209,0.0547,0.0296
9312813,0.1023,0.0472,0.0263
9318818,0.0846,0.0416,0.0229
9324807,0.0729,0.0332,0.0203
9330816,0.0643,0.0289,0.0181
9336818,0.0535,0.0232,0.0142
9342813,0.0521,0.0211,0.0112
9348816,0.0453,0.0201,0.0107
9354819,0.0377,0.0185,0.0100
9360816,0.0325,0.0161,0.0076
9366819,0.0271,0.0140,0.0073
9372808,0.0222,0.0123,0.0071
9378819,0.0199,0.0122,0.0069
9384819,0.0186,0.0118,0.0043
9390815,0.0153,0.0100,0.0049
9396817,0.0125,0.0089,0.0047
9402814,0.0098,0.0079,0.0045
9408816,0.0094,0.0089,0.0067
9414818,0.0063,0.0082,0.0179
9420817,0.0042,0.0077,0.0533
9426814,0.0049,0.0073,0.1536
9432821,0.0034,0.0073,0.2590
9438818,0.0036,0.0069,0.3490
9444814,0.0081,0.0041,0.4251
9450816,0.0138,0.0038,0.4908
9456818,0.0109,0.0057,0.5477
9462818,0.0103,0.0202,0.5964
9468818,0.0101,0.0538,0.6374
9474818,0.0155,0.1477,0.6716
9480816,0.0142,0.2596,0.7034
9486818,0.0110,0.3547,0.7312
9492818,0.0085,0.4362,0.7551
9498820,0.0080,0.5076,0.7761
9504811,0.0078,0.5729,0.7939
9510816,0.0058,0.6324,0.8091
9516821,0.0057,0.6836,0.8227
9522815,0.0040,0.7265,0.8342
9528818,0.0100,0.7661,0.8420
9534817,0.0080,0.7962,0.8524
9540825,0.0407,0.8228,0.8619
9546811,0.1766,0.8462,0.8696
9552813,0.2995,0.8672,0.8782
9558817,0.4037,0.8842,0.8855
9564815,0.4943,0.8991,0.8876
9570821,0.5720,0.9118,0.8918
9576815,0.6368,0.9232,0.8961
9582815,0.6950,0.9322,0.8994
9588813,0.7450,0.9403,0.9022
9594815,0.7922,0.9475,0.9052
9600822,0.8295,0.9539,0.9078
9606815,0.8612,0.9587,0.9148
9612819,0.8913,0.9589,0.9146
9618816,0.9137,0.9569,0.9140
9624813,0.9322,0.9512,0.9088
9630817,0.9485,0.9475,0.8411
9636814,0.9618,0.9419,0.7377
9642816,0.9675,0.9353,0.6296
9648816,0.9675,0.9266,0.5367
9654815,0.9644,0.8786,0.4571
9660813,0.9636,0.7870,0.3894
9666816,0.9451,0.6796,0.3280
9672814,0.8753,0.5787,0.2793
9678813,0.7662,0.4930,0.2386
9684812,0.6499,0.4187,0.2037
9690817,0.5541,0.3573,0.1723
9696816,0.4720,0.3069,0.1449
9702808,0.4032,0.2612,0.1237
9708820,0.3440,0.2213,0.1060
9714814,0.2932,0.1892,0.0916
9720813,0.2487,0.1623,0.0774
9726817,0.2106,0.1379,0.0666
9732813,0.1807,0.1187,0.0582
9738817,0.1549,0.1023,0.0503
9744817,0.1346,0.0901,0.0433
9750816,0.1157,0.0770,0.0377
9756813,0.0991,0.0665,0.0311
9762815,0.0856,0.0565,0.0273
9768817,0.0723,0.0488,0.0241
9774813,0.0603,0.0429,0.0213
9780818,0.0532,0.0368,0.0190
9786816,0.0460,0.0320,0.0170
9792816,0.0383,0.0275,0.0139
9798813,0.0348,0.0245,0.0124
9804815,0.0334,0.0208,0.0096
9810812,0.0294,0.0195,0.0094
9816814,0.0264,0.0183,0.0075
9822818,0.0235,0.0170,0.0075
9828817,0.0207,0.0159,0.0080
9834820,0.0183,0.0142,0.0076
9840815,0.0160,0.0124,0.0060
9846821,0.0150,0.0106,0.0063
9852816,0.0135,0.0104,0.0045
9858816,0.0125,0.0089,0.0033
9864816,0.0111,0.0082,0.0036
9870812,0.0111,0.0077,0.0043
9876813,0.0114,0.0062,0.0031
9882817,0.0085,0.0063,0.0035
9888818,0.0089,0.0061,0.0018
9894818,0.0089,0.0066,0.0006
9900814,0.0090,0.0067,0.0000
9906809,0.0087,0.0053,0.0000
9912808,0.0093,0.0049,0.0000
9918812,0.0065,0.0052,0.0000
9924814,0.0066,0.0062,0.0000
9930810,0.0051,0.0067,0.0000
9936807,0.0035,0.0068,0.0000
9942809,0.0043,0.0054,0.0000
9948815,0.0057,0.0050,0.0000
9954811,0.0040,0.0039,0.0000
9960813,0.0044,0.0043,0.0000
9966809,0.0048,0.0041,0.0003
9972814,0.0048,0.0049,0.0000
9978811,0.0046,0.0049,0.0000
9984812,0.0034,0.0055,0.0000
9990810,0.0011,0.0044,0.0000
9996813,0.0004,0.0051,0.0000
10002811,0.0008,0.0047,0.0072
10008811,0.0000,0.0047,0.0073
10014818,0.0007,0.0037,0.0071
10020816,0.0013,0.0031,0.0045
10026816,0.0028,0.0023,0.0043
10032815,0.0037,0.0020,0.0031
10038812,0.0039,0.0020,0.0042
10044822,0.0019,0.0028,0.0031
10050810,0.0030,0.0024,0.0038
10056821,0.0039,0.0034,0.0065
10062815,0.0043,0.0047,0.0067
10068815,0.0026,0.0051,0.0045
10074821,0.0038,0.0057,0.0033
10080817,0.0022,0.0045,0.0019
10086815,0.0007,0.0046,0.0022
10092815,0.0010,0.0042,0.0024
10098815,0.0032,0.0040,0.0011
10104814,0.0043,0.0044,0.0022
10110816,0.0051,0.0048,0.0027
10116816,0.0053,0.0052,0.0018
10122820,0.0102,0.0044,0.0010
10128816,0.0103,0.0052,0.0031
10134821,0.0083,0.0047,0.0035
10140814,0.0075,0.0055,0.0048
10146818,0.0055,0.0050,0.0050
10152813,0.0039,0.0053,0.0000
10158810,0.0050,0.0056,0.0000
10164812,0.0013,0.0044,0.0000
10170810,0.0024,0.0048,0.0000
10176815,0.0037,0.0034,0.0000
10182810,0.0042,0.0022,0.0000
10188808,0.0031,0.0022,0.0000
10194810,0.0021,0.0026,0.0006
10200818,0.0035,0.0033,0.0020
10206819,0.0024,0.0035,0.0000
10212810,0.0034,0.0040,0.0000
10218813,0.0024,0.0041,0.0000
10224812,0.0055,0.0049,0.0005
10230813,0.0061,0.0056,0.0013
10236814,0.0068,0.0055,0.0023
10242811,0.0065,0.0047,0.0035
10248814,0.0075,0.0058,0.0045
10254819,0.0074,0.0049,0.0044
10260814,0.0077,0.0042,0.0046
10266811,0.0054,0.0042,0.0051
10272816,0.0041,0.0047,0.0048
10278814,0.0042,0.0047,0.0036
10284819,0.0099,0.0043,0.0025
10290816,0.0091,0.0044,0.0030
10296816,0.0088,0.0048,0.0017
10302816,0.0082,0.0052,0.0006
10308815,0.0080,0.0051,0.0000
10314809,0.0085,0.0047,0.0000
10320811,0.0086,0.0040,0.0000
10326817,0.0083,0.0052,0.0007
10332821,0.0075,0.0040,0.0011
10338817,0.0074,0.0041,0.0000
10344810,0.0068,0.0050,0.0000
10350808,0.0071,0.0046,0.0000
10356811,0.0074,0.0042,0.0000
10362810,0.0079,0.0043,0.0004
10368814,0.0084,0.0037,0.0000
10374811,0.0066,0.0045,0.0000
10380816,0.0048,0.0046,0.0000
10386814,0.0058,0.0050,0.0000
10392813,0.0035,0.0046,0.0000
10398810,0.0052,0.0032,0.0000
10404810,0.0073,0.0034,0.0000
10410812,0.0067,0.0043,0.0000
10416809,0.0052,0.0047,0.0017
10422810,0.0057,0.0158,0.0006
10428814,0.0044,0.0145,0.0021
10434815,0.0026,0.0112,0.0009
10440814,0.0030,0.0106,0.0000
10446817,0.0033,0.0105,0.0000
10452809,0.0023,0.0107,0.0000
10458817,0.0030,0.0091,0.0000
10464818,0.0036,0.0081,0.0030
10470818,0.0047,0.0079,0.0037
10476815,0.0050,0.0078,0.0023
10482813,0.0056,0.0081,0.0025
10488815,0.0055,0.0072,0.0026
10494820,0.0076,0.0065,0.0014
10500819,0.0078,0.0055,0.0000
10506817,0.0083,0.0047,0.0000
10512808,0.0084,0.0058,0.0008
10518818,0.0088,0.0067,0.0015
10524816,0.0085,0.0071,0.0018
10530820,0.0077,0.0071,0.0024
10536819,0.0076,0.0100,0.0008
10542816,0.0069,0.0085,0.0000
10548810,0.0044,0.0079,0.0000
10554815,0.0051,0.0078,0.0000
10560813,0.0057,0.0084,0.0000
10566809,0.0056,0.0079,0.0004
10572816,0.0042,0.0070,0.0000
10578813,0.0047,0.0070,0.0000
10584812,0.0016,0.0056,0.0000
10590813,0.0030,0.0059,0.0000
10596814,0.0064,0.0057,0.0000
10602810,0.0065,0.0048,0.0013
10608820,0.0066,0.0055,0.0023
10614817,0.0051,0.0054,0.0028
10620819,0.0054,0.0050,0.0015
10626822,0.0056,0.0042,0.0018
10632818,0.0064,0.0050,0.0003
10638821,0.0068,0.0046,0.0008
10644821,0.0062,0.0057,0.0016
10650819,0.0070,0.0049,0.0001
10656816,0.0067,0.0048,0.0000
10662812,0.0052,0.0034,0.0000
10668809,0.0060,0.0040,0.0000
10674818,0.0046,0.0044,0.0000
10680814,0.0056,0.0038,0.0000
10686809,0.0061,0.0039,0.0000
10692811,0.0069,0.0044,0.0000
10698812,0.0078,0.0041,0.0005
10704821,0.0074,0.0038,0.0000
10710811,0.0076,0.0036,0.0000
10716817,0.0109,0.0006,0.0000
10722814,0.0085,0.0009,0.0000
10728812,0.0092,0.0004,0.0000
10734815,0.0085,0.0007,0.0000
10740816,0.0098,0.0031,0.0004
10746819,0.0063,0.0033,0.0012
10752817,0.0067,0.0032,0.0002
10758812,0.0040,0.0006,0.0000
10764814,0.0047,0.0012,0.0000
10770807,0.0054,0.0021,0.0000
10776810,0.0041,0.0046,0.0000
10782810,0.0051,0.0054,0.0000
10788816,0.0048,0.0060,0.0000
10794812,0.0057,0.0037,0.0000
10800809,0.0056,0.0035,0.0000
10806813,0.0061,0.0040,0.0000
10812816,0.0047,0.0038,0.0000
10818812,0.0050,0.0043,0.0000
10824812,0.0053,0.0047,0.0000
10830810,0.0062,0.0044,0.0000
10836810,0.0060,0.0044,0.0000
10842815,0.0043,0.0052,0.0000
10848813,0.0050,0.0055,0.0000
10854812,0.0053,0.0057,0.0000
10860818,0.0102,0.0034,0.0000
10866810,0.0097,0.0047,0.0000
10872813,0.0102,0.0044,0.0000
10878813,0.0106,0.0044,0.0000
10884814,0.0107,0.0055,0.0000
10890811,0.0095,0.0051,0.0000
10896810,0.0088,0.0061,0.0000
10902816,0.0095,0.0062,0.0000
10908815,0.0088,0.0064,0.0002
10914818,0.0092,0.0065,0.0010
10920818,0.0091,0.0059,0.0000
10926818,0.0097,0.0061,0.0006
10932818,0.0096,0.0069,0.0010
10938822,0.0092,0.0045,0.0000
10944812,0.0073,0.0042,0.0000
10950809,0.0051,0.0042,0.0000
10956813,0.0051,0.0047,0.0011
10962816,0.0035,0.0050,0.0018
10968818,0.0022,0.0046,0.0003
10974818,0.0029,0.0050,0.0000
10980812,0.0035,0.0046,0.0000
10986812,0.0043,0.0057,0.0000
10992816,0.0044,0.0052,0.0000
10998809,0.0033,0.0055,0.0000
11004812,0.0001,0.0075,0.0000
11010813,0.0000,0.0067,0.0000
11016812,0.0029,0.0072,0.0004
11022814,0.0035,0.0100,0.0015
11028820,0.0037,0.0085,0.0028
11034817,0.0026,0.0086,0.0040
11040817,0.0005,0.0074,0.0018
11046818,0.0009,0.0077,0.0024
11052818,0.0027,0.0083,0.0015
11058819,0.0033,0.0081,0.0008
11064822,0.0045,0.0083,0.0015
11070818,0.0049,0.0074,0.0000
11076810,0.0049,0.0056,0.0007
11082819,0.0055,0.0051,0.0001
11088822,0.0060,0.0037,0.0009
11094819,0.0025,0.0035,0.0000
11100815,0.0025,0.0012,0.0000
11106818,0.0017,0.0017,0.0000
11112814,0.0021,0.0022,0.0001
11118824,0.0023,0.0029,0.0000
11124809,0.0076,0.0018,0.0000
11130814,0.0050,0.0019,0.0000
11136817,0.0031,0.0023,0.0000
11142811,0.0037,0.0034,0.0000
11148818,0.0023,0.0036,0.0004
11154814,0.0034,0.0038,0.0009
11160818,0.0036,0.0046,0.0013
11166818,0.0087,0.0039,0.0000
11172811,0.0106,0.0037,0.0000
11178809,0.0104,0.0039,0.0000
11184811,0.0099,0.0040,0.0000
11190811,0.0079,0.0045,0.0000
11196814,0.0074,0.0045,0.0000
11202811,0.0058,0.0045,0.0000
11208812,0.0060,0.0046,0.0000
11214820,0.0037,0.0042,0.0000
11220811,0.0039,0.0050,0.0000
11226817,0.0052,0.0043,0.0000
11232812,0.0040,0.0044,0.0000
11238827,0.0025,0.0055,0.0009
11244820,0.0035,0.0043,0.0000
11250812,0.0013,0.0029,0.0000
11256815,0.0046,0.0018,0.0000
11262809,0.0052,0.0026,0.0001
11268819,0.0092,0.0015,0.0000
11274814,0.0092,0.0034,0.0000
11280814,0.0122,0.0025,0.0000
11286813,0.0108,0.0029,0.0000
11292813,0.0106,0.0039,0.0000
11298815,0.0075,0.0044,0.0000
11304814,0.0075,0.0048,0.0000
11310814,0.0049,0.0041,0.0000
11316812,0.0055,0.0052,0.0003
11322820,0.0064,0.0052,0.0011
11328827,0.0046,0.0055,0.0001
11334823,0.0065,0.0053,0.0000
11340814,0.0050,0.0049,0.0000
11346813,0.0075,0.0063,0.0000
11352818,0.0068,0.0064,0.0000
11358812,0.0049,0.0065,0.0005
11364820,0.0046,0.0059,0.0000
11370813,0.0065,0.0061,0.0007
11376820,0.0041,0.0055,0.0015
11382816,0.0030,0.0058,0.0000
11388815,0.0014,0.0053,0.0003
11394822,0.0004,0.0055,0.0008
11400821,0.0014,0.0058,0.0018
11406819,0.0028,0.0049,0.0021
11412820,0.0035,0.0052,0.0026
11418820,0.0018,0.0052,0.0028
11424822,0.0029,0.0044,0.0029
11430820,0.0020,0.0048,0.0000
11436816,0.0027,0.0044,0.0011
11442819,0.0000,0.0038,0.0004
11448821,0.0004,0.0064,0.0000
11454816,0.0000,0.0069,0.0005
11460820,0.0000,0.0073,0.0000
11466815,0.0008,0.0072,0.0000
11472814,0.0015,0.0079,0.0001
11478818,0.0032,0.0078,0.0000
11484815,0.0010,0.0059,0.0000
11490818,0.0000,0.0058,0.0000
11496811,0.0008,0.0067,0.0000
11502817,0.0014,0.0067,0.0000
11508814,0.0023,0.0075,0.0000
11514809,0.0014,0.0067,0.0000
